{"r2": 0.552568887885921, "mae": 33.45150822368421, "feature_importance": {"_type": "image-file", "sha256": "494cb377cc38bacc9dacc0a1a904f3ad704e1ba2c3609142e94675662772a125", "size": 33437, "path": "media/images/feature_importance_0_494cb377cc38bacc9dac.png", "format": "png", "width": 1000, "height": 1000}, "_timestamp": 1704332895.7819269, "_runtime": 52.58673596382141, "_step": 0, "_wandb": {"runtime": 52}}