{"r2": 0.5507180655211765, "mae": 33.530625, "feature_importance": {"_type": "image-file", "sha256": "7c7f85d6829a4fe0c96be9034b6de0f228e02cc4bcf60a68949e51fb7738d7ad", "size": 33443, "path": "media/images/feature_importance_0_7c7f85d6829a4fe0c96b.png", "format": "png", "width": 1000, "height": 1000}, "_timestamp": 1704332815.912441, "_runtime": 28.51813793182373, "_step": 0, "_wandb": {"runtime": 28}}