{"r2": 0.5339406885517419, "mae": 33.565065789473685, "feature_importance": {"_type": "image-file", "sha256": "3e388bf5ae7b0c58612d37a4611eb885db5631442719d7e273147130500dc2c0", "size": 33444, "path": "media/images/feature_importance_0_3e388bf5ae7b0c58612d.png", "format": "png", "width": 1000, "height": 1000}, "_timestamp": 1704332704.015384, "_runtime": 30.371569871902466, "_step": 0, "_wandb": {"runtime": 29}}